conselheiro;setor
Abdu Neme Jorge Makhluf Neto;poder público
Abel Da Silva Santos;sociedade civil
Aderbal Da Paixão Gomes De Souza;sociedade civil
Adriana Costa Mothé;sociedade civil
Adriano Serra;mercado
Alcemir Da Cruz Belmiro;sociedade civil
Alciene Azeredo De Souza;poder público
Alcilea Lugath Da Conceição;sociedade civil
Alciléia Dos Santos R. Do Rosário;sociedade civil
Alessandra Crespo Rosa;sociedade civil
Alessandra Frasnelli Faria;poder público
Alessandro Martins Guimarães;sociedade civil
Alex Gomes Da Motta;sociedade civil
Alexandre Crespo Stoller;sociedade civil
Alexandre Da Silva;sociedade civil
Alexis Wallace Sardinha;poder público
Aline Iara Crissostomo Carvalho Rocha;sociedade civil
Aline Maria S. C. Giovannini;poder público
Almir Quitete De Lima Filho;mercado
Alonso Bartolazzi Barbosa;poder público
Álvaro César Gomes Faria;poder público
Amanda Aparecida Passalini;poder público
Amaro Da Silva Lopes;sociedade civil
Amaro Dos Santos Cruz;sociedade civil
Amaro Michel Bissonho Calil;sociedade civil
Ana Luisa Pereira Dos Santos Pessanha;sociedade civil
Ana Márcia Mercadante Scot;poder público
Ana Paula Galvão Baptista;mercado
Ana Paula P. Oliveira Cordeiro;poder público
Ana Paula Pessanha Cordeiro;poder público
Anderson Esteves Da Silva;sociedade civil
Anderson Luiz Barreto Da Silva;sociedade civil
André Luis Da Silva Boviot;poder público
André Luiz Gomes De Oliveira;poder público
Andréa Da Silva Pinto Lobo De Azeve;poder público
Ângela Da Costa Barreto;sociedade civil
Ângela Maria Correa Pereira;sociedade civil
Angela Patrícia Ricardo Da Silva;sociedade civil
Angélica Pereira Barreto;sociedade civil
Ângelo José Burla Dias;sociedade civil
Anizete Évio De Souza Viana;poder público
Anna Caroline Dos Santos Tomaz;sociedade civil
Anne Caroline Afonso F. R. Cardoso;poder público
Antônia Rodrigues Corrêa;sociedade civil
Antônio Augusto De Sá Rodrigues;sociedade civil
Antônio Carlos Ornellas Berriel;sociedade civil
Antônio Carlos Rodrigues Dos Santos;sociedade civil
Antônio Julião Pinheiro Neto;poder público
Aprígio Barcelos;sociedade civil
Bárbara De Oliveira Figueiredo;poder público
Barreto Nunes Daflon;poder público
Beatriz Cruz Siqueira;poder público
Beatriz Mateus Pereira;poder público
Benedito De Jesus Dos Santos Braga;sociedade civil
Benedito Waldyr Pohl;mercado
Bernardo Berbert Molina;poder público
Bianca Da Silva Firmino Ferreira;poder público
Bianca Da Silva Firmino Ferreira;poder público
Brand Arenari;poder público
Bruna Machel Da Silva Moraes Azevedo;sociedade civil
Bruno Da Silva Lopes;poder público
Bruno Glória Silva;poder público
Carina Da Silva Gomes;sociedade civil
Carla Aparecida Gomes De Azeredo;poder público
Carlos Alberto Pessanha Dias;poder público
Carlos Frederico De Menezes Veiga;poder público
Carlos Lima Alves;sociedade civil
Carlos Roberto Bastos Freitas;poder público
Carlos Roberto Dos Santos Faria;poder público
Carlos Ronald Macabu Arêas;poder público
Carlos Ronald Macabu Arêas;poder público
Carlos Vinícius Viana Vieira;poder público
Carlos Vinícius Viana Vieira;poder público
Cássio Leandro Moreira Peixoto;sociedade civil
Celeste Da Silva Gomes;poder público
César Siqueira De Souza;poder público
Christiane Mazzini Villar Ribeiro;poder público
Christiane Monteiro Alves Tinoco Leite;poder público
Cinara Souza De Oliveira Santos;poder público
Cinézio Sales Manhães Filho;sociedade civil
Cintia Dutra Da Silva Bensi;sociedade civil
Cíntia Ferrini Farias;poder público
Cirabel Ribeiro Paes;poder público
Claudia De Jesus Barreto De Carvalho;sociedade civil
Cláudia Siqueira Alvarenga Ferreira;poder público
Cláudio Freitas Artiles;poder público
Cláudio Nogueira Andrade Filho;poder público
Cláudio Nogueira Andrade Filho;sociedade civil
Claudius Marcelo Arêas Alves;sociedade civil
Cléber Glória Silva;mercado
Clécia Maria Almeida;sociedade civil
Cledson Sampaio Bittencourt;poder público
Cristiane Cardoso De Oliveira Ressiguier;poder público
Cristiane Dos Passos Da Silva;sociedade civil
Cristiane Gomes Monteiro;sociedade civil
Dalicéa Schueller Dos Santos;sociedade civil
Dalicéa Schueller Dos Santos;sociedade civil
Dalicea Schuller Dos Santos;poder público
Daniela Vivas Gonçalves;poder público
Daniella Torres De Almeida Pereira;sociedade civil
Danielle Da Cunha Lessa Quillici;poder público
Danielle Da Cunha Lessa Quillici;poder público
David Barbosa Do Nascimento;sociedade civil
Débora De Paula Souza Inácio;sociedade civil
Denise Cardoso Alves;poder público
Denise Gonçalves Diniz;poder público
Diego Suisso Da Hora;poder público
Diogo Sodré Figueiredo Ferreira;poder público
Diovane Rodrigues Gonçalves;poder público
Doménico De Souza Ribeiro;poder público
Douglas Leonard Queiroz Pessanha;poder público
Ederton Quemel Rossini;sociedade civil
Edgard Andrade Corrêa;sociedade civil
Edilbert Pellegrini Nahn Júnior;mercado
Edimilson Mota;poder público
Edison Pessanha Braga;poder público
Edmar Cruz Teixeira;sociedade civil
Edmilson Antônio Mota;sociedade civil
Edná Sales;sociedade civil
Edson Cordeiro Pacheco;sociedade civil
Edson Moreira Dos Reis;poder público
Eduardo Felipe Nobre Mendonça;sociedade civil
Eduardo Pozitivo;sociedade civil
Eduardo Robson Guedes De Assis;sociedade civil
Elaine Fontes Leão;sociedade civil
Elana Martins Rodrigues;poder público
Elber Salve;sociedade civil
Elenilson Do Espírito Santo;sociedade civil
Eleonora Peçanha Paes;poder público
Eliana Da Silva Goulart;sociedade civil
Eliana Monteiro Feres;sociedade civil
Eliane Nogueira Gomes;poder público
Eliedma Pires Dutra Da Conceição;poder público
Eliete Maria Alves Do Rosário;sociedade civil
Elis De Araújo Miranda;sociedade civil
Elisa Lima Mayerhoffer Peralva;poder público
Elisa Mayerhoffer Peralva;poder público
Elizabeth Neves Fernandes Miquilito;sociedade civil
Elma Coelho Nunes Sizenando;poder público
Elson Da Silva Leal;sociedade civil
Elzana Da Silva Pereira;sociedade civil
Enos Gama Junior;poder público
Eraldo Mothé Barcelar Da Silva;sociedade civil
Érica Gomes Martins;sociedade civil
Érika Alves Da Silva Ramos;sociedade civil
Ester Fabiana Cordeiro Matias;sociedade civil
Estevão Souza De Azevedo;sociedade civil
Evandro Guimarães Ferraz;poder público
Evelyn Rebouças De Gouvêa;sociedade civil
Everaldo Reis Tavares Rangel;sociedade civil
Fabiana Campista Angelo;sociedade civil
Fábio De Azevedo Almeida;sociedade civil
Fábio Gomes De Freitas Bastos;poder público
Fábio Gonçalves Coboski;poder público
Fábio Gustavo Viana Siqueira;sociedade civil
Fabíola Caldeira Ferreira;poder público
Fabíola Teixeira Azevedo;sociedade civil
Fabrício Da Silva Simões;sociedade civil
Fernanda Azeredo Caldas Coutinho;sociedade civil
Fernanda Gomes De Vasconcellos Sales;poder público
Fernanda Gonçalves Fernandes;sociedade civil
Fernando Antônio Leite Cabral Loureiro;poder público
Fernando Antônio Leite Cabral Loureiro;poder público
Fernando César Gomes;sociedade civil
Fernando Leite Fernandes;poder público
Fernando Luiz Cavalcanti Loureiro;sociedade civil
Filipe Godoy Azeredo;poder público
Flávia Barreto Sales;poder público
Flávio Persilva Hoelzle;mercado
Francielli Moreira E Silva Acácio;sociedade civil
Francione De França Fonseca;sociedade civil
Francisco Carlos Faria Bernardino;sociedade civil
Francisco De Assis Do Nascimento;sociedade civil
Francisco Eduardo Freitas Ribeiro Dos Santos Filho;poder público
Francisco Eduardo Leal;poder público
Frederico Rangel Paes;sociedade civil
Gabriel Henrique Barbosa Carvalho;sociedade civil
Gabrielly Monteiro Manhães;sociedade civil
Gedison Cesati Canal;poder público
Gedison Cesati Canal;poder público
Gelson Sebastião;sociedade civil
George Mendes Marinho;sociedade civil
Geovana Gomes Neves;sociedade civil
Geovana Oliveira Almeida;sociedade civil
Geovani Laurindo Filho;sociedade civil
Geraldo Augusto Pinto Venâncio;mercado
Geraldo Márcio Timóteo;sociedade civil
Gerson De Souza Gomes;mercado
Gerson Ferreira Maciel;sociedade civil
Gil Roberto Afonso De Menezes;sociedade civil
Gilberto Firmino Coutinho Junior;sociedade civil
Gilberto Soares Dos Reis;sociedade civil
Gilce Maria De Almeida Sales Cruz;poder público
Gilda Maria Gomes Peixoto;sociedade civil
Gina Cláudia Pereira Chácar Rangel;sociedade civil
Giovanni Lhamas Coelho;sociedade civil
Giselle Da Silva Escocard;poder público
Gisely Nunes Moço Barbosa;poder público
Graciete Santana Nogueira Nunes;sociedade civil
Graciete Santana Nogueira Nunes;poder público
Graziela Escocard Ribeiro;poder público
Guilherme Manhães Da Silva;poder público
Guilherme Nogueira De Aguiar;sociedade civil
Gutielle Carvalhal Botelho Bustilho Faria;mercado
Hans Muylaert;poder público
Heitor Andrade Gomes Carvalho Dos Santos;poder público
Helena Kiyomi Hokamura;poder público
Helmar Amorim De Souza Oliveira;poder público
Helmar Amorim De Souza Oliveira;sociedade civil
Heloisa Helena Queiroz Rocha Pacheco Da Silva;sociedade civil
Hernandes Passos Virginio;sociedade civil
Hilda Márcia Soares Monteiro;sociedade civil
Humberto Fernandes;sociedade civil
Humberto Moreira Rangel;sociedade civil
Iara De Souza Lima;sociedade civil
Iara Silva Lima Alexandrino;sociedade civil
Ilbenir Pessanha Crespo;sociedade civil
Ilídia Campos Da Cunha;sociedade civil
Ilsom Martins De Azevedo;sociedade civil
Ingrid Faria Do Espírito Santo Pessanha;poder público
Iohana Fernanda Carneiro Barreto;poder público
Isabel Cristina Pinto Pinheiro;sociedade civil
Isabela Eduardo Rodrigues;poder público
Ivan Lúcio Reis Fagundes;poder público
Ivanildo Cordeiro;mercado
Izabela Appolinário De Souza;sociedade civil
Izabele Sardinha Costa;poder público
Jacques Douglas Pinto Lopes;sociedade civil
Jair Araújo Júnior;sociedade civil
Jairo Videira Macedo;poder público
Janaína Gomes Viana;poder público
Janaína Monteiro Alves Mandu;sociedade civil
Jane De Azevedo Andrade;poder público
Jaqueline Dos Santos Paes Andrade;poder público
Jarbas Da Fonseca Carneiro Júnior;poder público
Jefferson Manhães De Azevedo;sociedade civil
Jerusa Raquel Dos Santos Ferreira Guedes Farias;sociedade civil
Jéssica Cristina Álvaro De Oliveira;sociedade civil
Jhoni Barros Da Silva;sociedade civil
Joana De Freitas Tavares Campista;poder público
João Acácio Filho;sociedade civil
João Carlos De Souza Coutinho;sociedade civil
João Elias Waked Filho;sociedade civil
João Gomes De Siqueira;sociedade civil
João José Ribeiro Damásio;sociedade civil
João Luiz De Mello E Silva;poder público
João Manoel Rangel;sociedade civil
João Paulo Da Costa Cunha;sociedade civil
João Victor De Lima Coutinho Gomes De Vasconcelos;poder público
Joilson Bessa Da Silva;sociedade civil
Joilza Rangel Abreu;poder público
Jonas Defante Terra;sociedade civil
Jordecy Rocha;sociedade civil
Jorge Luis De Souza Crespo;poder público
Jorge Luiz De Almeida Miranda;mercado
Jorge Luiz Dias Machado;sociedade civil
José Armando Ribeiro Barreto;poder público
José Carlos Gonçalves Monteiro;poder público
José Carlos Henrique Alves;poder público
José Do Amaral Ribeiro Gomes;sociedade civil
José Eduardo Ferreira Caetano;sociedade civil
José Felipe Quintanilha França;poder público
José Luiz Lobo Escocard;sociedade civil
José Márcio Ferreira;poder público
José Paes Neto;poder público
José Pereira;sociedade civil
José Quintino Barreto Neto;poder público
José Roberto Crespo De Souza;sociedade civil
José Roberto Damaceno Portela;sociedade civil
José Roberto Pessanha;poder público
Josiane Lima Borges Viana;poder público
Josilane Gomes Ribeiro Fernandes De Azevedo;sociedade civil
Jucirema Quintanilha Cardim;sociedade civil
Juliana Escocard Lopes Terra;sociedade civil
Juliana Gonçalves Manhães Dos Reis;poder público
Jurandir Pereira Neto;sociedade civil
Kamyla De Souza Morgade;sociedade civil
Karina Barra Gomes;poder público
Karina Silva Marques Nunes De Souza;poder público
Karla Boa Morte;poder público
Kátia Beatriz Azevedo V. Noronha;poder público
Kátia Macabu De Sousa Soares;sociedade civil
Kelly Viter Campos;sociedade civil
Ketelle Dos Santos De Souza;sociedade civil
Ketnen Rose Medeiros Barreto;sociedade civil
Laisses Vânia Dos Santos Rangel;sociedade civil
Larissa Ferreira Rocha;poder público
Laura Burla Maciel;poder público
Leandro Paiva Silva;poder público
Leandro Ramos Barreto;poder público
Leandro Rodrigues Galaxy;sociedade civil
Lediane Reis De Souza;sociedade civil
Leísia Crespo Rossi;poder público
Leo Darmont De Alvarenga;sociedade civil
Leonardo Barreto Almeida Filho;poder público
Leonardo Diogenes Wigand Rodrigues;poder público
Leonardo Gomes Mocaiber;poder público
Leonardo Serafim Da Silveira;poder público
Letícia De Almeida Neto;poder público
Liana Macabu De Sousa Soares;sociedade civil
Lídia Maria Tavares Martins;poder público
Lilian Neto Barroso;poder público
Liliane Cardoso D`Almeida;sociedade civil
Lorena Belo Ferreira;sociedade civil
Luana Rodrigues Da Silva;poder público
Lucas Santos Siqueira Santana;sociedade civil
Luciana Custódio Soares;sociedade civil
Luciana Fernandes Caldas;sociedade civil
Luciana Pereira Muniz;sociedade civil
Lucimara Alves De Souza Dos Santos;poder público
Lucimara Pereira Muniz;sociedade civil
Luis Carlos Cordeiro Chicri;sociedade civil
Luis Marcos Barreto Da Silva;sociedade civil
Luis Maurício Nogueira De Andrade;sociedade civil
Luisa Barreto Saramago;poder público
Luiz Carlos Teixeira Guimarães;poder público
Luiz Claudio Vieira;poder público
Luiz Clóvis Parente Soares;mercado
Luiz Sérgio De Carvalho;sociedade civil
Luiz Vagner Cunha Henriques;poder público
Luzia Medeiros Da Silva;sociedade civil
Manuela Rodrigues D'oliveira Portugal;poder público
Manuelli Batista Ramos;sociedade civil
Mara Regina Santos Pereira;sociedade civil
Marcel Cardoso E Cardoso;poder público
Marcelo Alves Manhães;sociedade civil
Marcelo De Carvalho Barreto;poder público
Marcelo Pereira De Carvalho Sampaio;sociedade civil
Marcelo Pizani Boldes;sociedade civil
Marcelo Pizani Boldes;sociedade civil
Marcelo Victor Ribeiro Oliveira;mercado
Marcia Aparecida Vieira Mussi;sociedade civil
Márcia Christina De Souza Justiniano;sociedade civil
Márcia Valéria Soares Assad;poder público
Márcia Valéria Soares Assad;poder público
Márcia Valéria Soares Assad;poder público
Marcilene Barreto Nunes Dafl On;poder público
Marcio Ribeiro Leandro;poder público
Marco Antônio Gomes Velloso De Carvalho;mercado
Marcos Geovane Manhães;poder público
Marcos Messias Da Silva Santos;sociedade civil
Marcos Vinícius Soares De Souza;poder público
Marcos Vinícius Soares De Souza;poder público
Maria Agda Pelegrini Rosa;sociedade civil
Maria Angélica Rocha Gama;poder público
Maria Angélica Rocha Gama;poder público
Maria Aparecida Imbeloni Henriques;sociedade civil
Maria Aparecida Praxedes Da Penha;poder público
Maria Auxiliadora De Sousa Pourbaix;poder público
Maria Clélia Pinto Coelho;poder público
Maria Cristina Torres Lima;poder público
Mariá De Azevedo Lyrio Barreto;poder público
Maria De Jesus Abílio Nogueira;poder público
Maria De Lourdes Cruz Nascimento Magno;sociedade civil
Maria Elisa Ferreira De Jesus;sociedade civil
Maria Helena Cordeiro;sociedade civil
Maria Helena De Souza Pereira;poder público
Maria José Mendonça Rosmaninho De Pinho;sociedade civil
Maria José Rocha Ricardo;sociedade civil
Maria José Serafim Jorge De Oliveira;sociedade civil
Maria José Serafim Jorge De Oliveira;sociedade civil
Maria José Serafim Jorge De Oliveira;sociedade civil
Maria Júlia Nunes Andrade;poder público
Maria Rita Fundão Maciel;poder público
Mariana De Freitas Fagundes;sociedade civil
Mariana Souza Oliveira Lontra Costa;poder público
Mariano Amorim;poder público
Mariano Amorim;poder público
Marilane Ferreira Do Amaral Pessanha;sociedade civil
Mário Dos Santos Gomes;sociedade civil
Marta Aparecida Vieira;sociedade civil
Mary Lúcia Do Espírito Santo Pessanha;poder público
Maurício De Moura Caldas Xexéo;poder público
Maurício Leonardo De Souza Lemos;sociedade civil
Maurício Teixeira;sociedade civil
Mauro Macedo Campos;sociedade civil
Merilane Lopes Barreto;sociedade civil
Milton Erthal Junior;sociedade civil
Milton Peixoto;sociedade civil
Mônica De Souza Gomes;poder público
Naira Regina De Barros Cordeiro Peçanha;sociedade civil
Natália Campolino Moussallem;poder público
Nathália Chalita Ribeiro;poder público
Nathália Chalita Ribeiro;poder público
Nayne Tamy Barreto Neves;poder público
Neicia Dabra Da Penha Rosa De Araújo;sociedade civil
Nildo Nunes Cardoso;poder público
Nilza Franco Portela;sociedade civil
Odete Pereira Da Rocha;poder público
Odete Pereira Da Rocha;sociedade civil
Odisseia Pinto De Carvalho;sociedade civil
Odisseia Pinto De Carvalho;poder público
Oresten Soares De Almeida Júnior;poder público
Orlando Lino Pinheiro Portugal;sociedade civil
Otávia Dias;sociedade civil
Oziel Batista Crespo Filho;sociedade civil
Paolo Ney Bastos Marques Pereira;poder público
Patrícia Cristosan;poder público
Patrícia De Paula Baía;sociedade civil
Patrícia Dias Silva Dos Santos;sociedade civil
Patrícia Dias Silva Dos Santos;sociedade civil
Patrícia Ferreira De Carvalho;sociedade civil
Patrícia Nani Beyruth;poder público
Patrícia Nogueira Buchaul;sociedade civil
Patrícia Xavier Honorato;sociedade civil
Patrick Bruno Da Rosa Manhães;sociedade civil
Paula Barreto Muniz;sociedade civil
Paula Clark Barreto;poder público
Paulo César Genásio De Souza;sociedade civil
Paulo Honorato;sociedade civil
Paulo Jorge Xavier De Souza;sociedade civil
Paulo Roberto Flôr;sociedade civil
Paulo Roberto Gonçalves;sociedade civil
Paulo Roberto Pereira Gomes;mercado
Paulo Roberto Pereira Gomes;poder público
Paulo Santos Freitas Júnior;sociedade civil
Paulo Sergio Arantes De Oliveira;poder público
Pedro Lincoln Bastos Bessa;poder público
Pedro Lincoln Bastos Bessa;poder público
Peterson Lobato Azevedo;sociedade civil
Priscila Sá Champion Cabral;poder público
Rafael Crespo Maciel Machado;sociedade civil
Rafael Pinheiro Caetano Damasceno;poder público
Rafaela Machado Ribeiro;poder público
Ralph Ferreira De Noronha Oliveira;poder público
Ramon Terra De Siqueira;poder público
Raquel Almeida Gonçalves Santos;poder público
Raquel Viana Siqueira;poder público
Raul Ferrarez;sociedade civil
Regina Auxiliadora Lannes Barreto Pereira;poder público
Regina Célia Carvalho De Azevedo;sociedade civil
Renato Barbosa Vieira;poder público
Renato Dumas De Oliveira;poder público
Renato Gonçalves Dos Santos;sociedade civil
Renildo Santiago Goulart;sociedade civil
Renykson Dos Santos Jardim;poder público
Ricardo Andrade Corrêa;poder público
Ricardo André De Vasconcelos Alvarenga;sociedade civil
Ricardo Cabral Da Cruz;sociedade civil
Ricardo Da Silva Araújo;sociedade civil
Ricardo Da Silva Viana;poder público
Ricardo Gonçalves De Carvalho;sociedade civil
Ricardo Luiz Da Silva Araújo;sociedade civil
Ricardo Venâncio Juliboni;sociedade civil
Roberto Barcellos Pessanha Crespo;poder público
Robson De Lima Braga;poder público
Rodolpho Carlos Jordão;sociedade civil
Rodolpho Carlos Jordão;mercado
Rodrigo Braga Souza;sociedade civil
Rodrigo Espinosa Andrade;poder público
Rodrigo Ferreira Pereira;sociedade civil
Rodrigo Lira;sociedade civil
Rodrigo Porto;sociedade civil
Roger Rangel Coutinho;poder público
Rogério Fernandes Ribeiro Gomes;poder público
Rogério Matoso;poder público
Rogério Siqueira Dias Maciel;poder público
Rogério Soares De Siqueira;poder público
Romarilda Ismênia Monteiro De Barros;poder público
Romeu E Silva Neto;poder público
Ronald De Souza Pereira;sociedade civil
Ronaldo Araújo;sociedade civil
Ronaldo Bartholomeu Dos Santos Filho;sociedade civil
Ronaldo Bartholomeu Dos Santos Filho;sociedade civil
Ronaldo Henrique Barbosa Júnior;sociedade civil
Ronaldo Soares Pinto;poder público
Rosa Maria Moreira Sales;sociedade civil
Rosalee Santos Crespo Istoe;sociedade civil
Rosana Corrêa Juncá;poder público
Rosana Corrêa Juncá;sociedade civil
Rosana De Souza Bastos;poder público
Rosana Rosa Ribeiro;poder público
Rosângela Gomes Paulo;sociedade civil
Rosângela Gomes Paulo;poder público
Rosângela Moreira De Azevedo;sociedade civil
Rosemery Nascimento Silva;sociedade civil
Rosimara Andrade De Souza;sociedade civil
Rossini Peralva Neto;sociedade civil
Rossini Reis;sociedade civil
Saionara Rosa Da Cruz;sociedade civil
Sana Gimenes Alvarenga Domingues;poder público
Sandro Abreu Cezário;sociedade civil
Sandro Abreu Cezário;sociedade civil
Sandro César Said Mucci;poder público
Sarah Cristina Costa Pereira;poder público
Sávio Sabóia Da Fonseca;poder público
Sebastiana Abreu Dos Santos Da Silva;sociedade civil
Sebastião Da Silva;sociedade civil
Sérgio Bonifácio;sociedade civil
Sérgio De Azevedo Almeida;sociedade civil
Sérgio Luís Rocha Ritter;sociedade civil
Sergio Renne Borges De Menezes Junior;poder público
Shirley Rangel Gomes;mercado
Simone Pedro Vieira;poder público
Simone Pedro Vieira;poder público
Sueli Da Silva;sociedade civil
Sylvia Marcia Da Silva Paes;sociedade civil
Tainá De Oliveira Inácio;poder público
Taísa Santos Dias;sociedade civil
Takna Mendonça Formaggini;sociedade civil
Tamillys Lirio Da Silva;sociedade civil
Tamys Luiz Fernandes;poder público
Tânia Márcia Ferreira Freitas;poder público
Tânia Silva Sá Viana;poder público
Tarianne Da Silva Pinto Bertoza;sociedade civil
Tatiana Botelho Sampaio;poder público
Tatiana Da Costa Gomes;sociedade civil
Tatiana Da Silva;sociedade civil
Tatiana Dos Santos Almeida;sociedade civil
Tatiana Freire Ferreira;poder público
Tayna Santos Conceição;sociedade civil
Thaís Chaves Soares Pessanha;poder público
Thais De Maria Gomes De Andrade Ramos;poder público
Thaís Siqueira Gomes;sociedade civil
Thamirys Da Silva De Souza;sociedade civil
Thaynam Silva Bairral França Gonçalves;poder público
Thiago Nunes Pimentel;poder público
Tiago Flávio Lisboa Telles Ferreira;sociedade civil
Tito Lívio Campello Inojosa De Andrade;sociedade civil
Valdir Dos Santos Rodrigues Filho;sociedade civil
Valéria Corrêa Lopes;poder público
Valquiria Rocha Servo;sociedade civil
Vanda Terezinha Vasconcelos;mercado
Vanda Terezinha Vasconcelos;sociedade civil
Vânia Cristina Coutinho De Souza;sociedade civil
Vera Cardoso De Melo;poder público
Vera Lúcia Carvalho De Oliveira;poder público
Vera Lúcia Ribeiro Félix;sociedade civil
Victor Hugo Ribeiro Almeida;sociedade civil
Vilmar Ferreira Rangel;sociedade civil
Vinicius Soares Barbosa;poder público
Vitor Montalvão Oliveira;poder público
Viviane Aparecida Siqueira Lopes;poder público
Wagner De Paula Almeida Pereira;poder público
Wandick Lobo Neto;poder público
Wellington Cordeiro;sociedade civil
Wellington Passos;poder público
Wilson Paes Júnior;sociedade civil
Zenilson Coutinho Do Amaral;sociedade civil
